id,audio_path,reference,reference_ms,whisper_pred,wav2vec_pred,wav2vec_finetuned_pred,wav2vec_lm_pred,Whisper_mt,wav2vec_mt,wav2vec_finetuned_mt,wav2vec_lm_mt
1,data/audio/test1.wav,i think lah this one better we do tomorrow,saya rasa yang ini lebih baik kita buat esok,"i think la, this one better we do tomorrow.",i tingla tis one bet te itu to moro,i tingla dis one bet teitu to moro,itingladisone beteittomoro,"Saya rasa La, ini lebih baik kita lakukan esok.",Saya ingat ini satu pertaruhan untuk Moro,Saya ingat ini satu pertaruhan Teitu untuk Moro,Ia tidak boleh dihidangkan
2,data/audio/test2.wav,why you never reply my message just now,kenapa awak tak balas mesej saya tadi,why you never reply my message just now?,why you never we blame y maysis just now,why you never we blamey maysis just now,why youneverweblam ymaysisjust now,Kenapa awak tak pernah menjawab mesej saya sekarang?,Kenapa kau tak pernah kami menyalahkan y maysis sekarang,Kenapa kau tak pernah menyalahkan Maysis sekarang?,Kenapa kamu tidak pernah weblam ymaysis sekarang
3,data/audio/test3.wav,this part susah sikit i need more time,bahagian ini agak susah saya perlukan lebih masa,this part's susasi kid. i need more time.,despart sussasci kid and eat morth nine,despart sussasci kid and eat morth nine,despartsussaci kid morthnine,Saya perlukan lebih banyak masa.,Berlepas Susasci anak dan makan Mort Nine,Berlepas Susasci anak dan makan Mort Nine,Despartsussaci kanak-kanak mortin
4,data/audio/test4.wav,you boleh tolong explain this part tak,awak boleh tolong jelaskan bahagian ini tak,"you can help me explain this part, though.",you bulito loge splendi spite da,you boleh tolong explain this partak,yobulitologe splendispite dut,"boleh tolong saya jelaskan bahagian ini, walaupun.",kau bulito lodge splendi walaupun da,boleh tolong jelaskan partak ini,yobulitologe splendispite dut
5,data/audio/test5.wav,i try already but still tak jalan,saya dah cuba tapi masih tak menjadi,i tried already but still not,i try a redee but still that yo letn,i try aredee but still tha yo letn,i tryaredee but stillthayole,Saya sudah cuba tapi masih belum,Saya cuba untuk menebus tetapi masih bahawa yo letn,Saya cuba Aredee tetapi masih tha yo letn,Aku cuba tapi masihlah aku
6,data/audio/test6.wav,maybe kita boleh buat cara lain,mungkin kita boleh buat cara lain,maybe we can do it another way.,maybe kithi wil live wacerelan,maybe kithi wi live wacerelan,maybekithiwi livewacerla,Mungkin kita boleh buat dengan cara lain.,Mungkin kita mahu hidup di Wacerelan,Mungkin kita boleh hidup di sini,mungkin bekithiwi livewacerla
7,data/audio/test7.wav,eh actually i think this one can lah,eh sebenarnya saya rasa yang ini boleh lah,"actually, i think this one can laugh.",e atoly i think the slankin la,e actually i think thisone canla,eacholy ithinkteslankin la,"Sebenarnya, saya rasa yang ini boleh ketawa.","Saya rasa, dia adalah Slinkin La.",Sebenarnya saya fikir ini satu Canla,Setiap orang berfikir tentang la
8,data/audio/test8.wav,aiya i forgot to bring my laptop today,aiya saya terlupa bawa laptop hari ini,i forgot to bring my laptop today.,aya i forgot to wi myn tat pov guday,aya i forgot to wi my laptop guday,aya iforgotto wimylapovuda,Saya lupa bawa laptop saya hari ini.,Saya lupa untuk menunaikan solat hari ini.,Saya lupa untuk membawa komputer riba saya hari ini,Saya lupa untuk memilikinya.
9,data/audio/test9.wav,hmm maybe we try again later,hmm mungkin kita cuba lagi nanti,maybe we can try again later.,o waitin gain tired gainly gruw,o waitin gain tired ganly gruw,waitigintire,Mungkin kita boleh cuba lagi nanti.,o menunggu mendapat penat mendapat gruw,o menunggu mendapat letih dengan gruw,menunggu
10,data/audio/test10.wav,okay lah we do it this way,okay lah kita buat macam ini,okay now we do it this way,o cant thou regrat this ray,okay can thou regret this ray,ocanthou regreatthis ray,Okay sekarang kita lakukan dengan cara ini,Kau tak boleh menyesal dengan sinar ini,okay boleh awak menyesal dengan ray ini,Kau akan menyesal dengan sinar ini.
11,data/audio/test11.wav,like that also can no problem,macam itu pun boleh tiada masalah,like that also can no problem,lake it also can lopau bo,lake it also can lopabo,lakitalsoca lopabo,seperti itu juga tidak boleh masalah,tasik juga boleh lopau bo,tasik juga boleh lopabo,lakitalsoca lopabo
12,data/audio/test12.wav,i think benda ni boleh siap kot hari ni,saya rasa benda ini boleh siap hari ini kot,i think the nany body shot gotanda really,i thieven lely bodisiaccor phyrini,i thieven lely bodisiaccor pyrini,itieveebodisiac corphyrini,Saya rasa mayat yang ditembak oleh Nany Gotanda benar-benar,I pencuri Lily bodisiaccor phyrini,I pencuri Lily bodisiaccor pyrini,corphyrini
13,data/audio/test13.wav,tadi lecturer explain laju sangat tak sempat nak faham,tadi pensyarah jelaskan terlalu laju tak sempat faham,now,tha de lik ii spain tha do sana thasam bat nafraham,ta be lik ii spain tha jo sana thas'm bat nafraham,tabelikispain tajosantasbat nafraham,Sekarang,Tha de lik ii spain tha do sana thasam bat nafraham,Saya akan suka Sepanyol dan saya akan cuba untuk menjadi seorang yang baik.,Tabelikispain tajosantasbat nafraham
14,data/audio/test14.wav,kalau awak free kita boleh jumpa sekejap,kalau awak free kita boleh jumpa sekejap,if it's not fit we can try it for a while,allah ah afri tgeed the boy to vos of the dat,allah ah afri tgeed the boy to vos of the dat,allahahlafri theboytovos thedat,"Jika tidak sesuai, kita boleh cuba untuk sementara waktu.",Allah Arif Tgeed kanak-kanak untuk anda dari tarikh,Allah Arif Tgeed kanak-kanak untuk anda dari tarikh,Allah mengasihi mereka.
15,data/audio/test15.wav,assignment ni ambil masa lama sikit,assignment ini ambil masa agak lama,the fine money i'll bring your master withけど,i in minthe be muffer ta musky gap,i fin minte be muffe ta musky gap,ifiinebmufea muskygape,Duit yang baik saya akan membawa tuan anda denganけど,Saya dalam minthe akan muffer musky jurang,Aku akan terus bersemangat untuk menjadi seorang yang baik,Ifenibmufea muskygape
16,data/audio/test16.wav,he promise nak hantar tapi sampai sekarang tak ada,dia janji nak hantar tapi sampai sekarang tak ada,"now, something to write. now you sit down at least 3 minutes knowing what to write",he promised a hand thought a piecion vicacri tade,he promised a handthought a piechiof vicacrip tade,he promisedahand thoughtapiciof vicacritade,"Sekarang, sesuatu untuk ditulis. Sekarang anda duduk sekurang-kurangnya 3 minit mengetahui apa yang perlu ditulis",Dia berjanji untuk memberi bantuan. Dia fikir untuk memberikan bantuan.,Dia berjanji untuk memikirkan satu piechiof vicacrip tade,Dia berjanji akan menolong saya walaupun dia akan menolong saya.
17,data/audio/test17.wav,i don’t really get what the lecturer nak,saya tak begitu faham apa yang pensyarah nak,i don't really get what they like to do not.,i don't really get what electure i not,i don't really get what electure in not,idon't reallyget whatelectur,Saya tak faham apa yang mereka suka buat.,Saya tidak benar-benar mendapat pilihan raya apa saya tidak,Saya tidak benar-benar mendapat apa pilihan raya dalam tidak,Saya tidak akan mendapat apa pilihan raya
18,data/audio/test18.wav,this question very confusing sumpah,soalan ini sangat mengelirukan sumpah,"this question is very confusing, soopa.",this question is very confusing supa,this question is very confusing supa,this question is very confusing supa,"soalan ini sangat membingungkan, Soopa.",soalan ini sangat membingungkan,soalan ini sangat membingungkan,soalan ini sangat membingungkan
19,data/audio/test19.wav,i was supposed to finish this semalam,saya sepatutnya siapkan ini semalam,i was supposed to finish this malam.,i was supposed to finish dis malom,i was supposed to finish dis malom,iwassupposed to finishismalom,Saya sepatutnya menyelesaikan malam ini.,Saya sepatutnya menyelesaikan dis malom,Saya sepatutnya menyelesaikan dis malom,Saya sepatutnya selesai dengan ini.
20,data/audio/test20.wav,can you help me check if this is correct atau tak,boleh tolong semak ini betul atau tidak,can you help me check if this is correct or not?,can ye help me check if this is corette a dadat,can ye help me check if this is corette a dadat,canye help mechekftisis corettadada,boleh tolong saya periksa apakah ini betul atau tidak?,Boleh kau bantu saya memeriksa jika ini Corette a dadat,Boleh kau bantu saya memeriksa jika ini Corette a dadat,boleh bantu saya buat apa-apa
21,data/audio/test21.wav,the instructions tak jelas,arahan itu tak jelas,the instructions touch a less.,the instructions tat a nerse,the instructions tat a nerse,theinstructions tatanerse,arahan menyentuh kurang.,arahan itu tidak sesuai,arahan itu tidak sesuai,arahan tatanerse
22,data/audio/test22.wav,i think kita kena to redo this part,saya rasa kita kena buat semula bahagian ini,i think it's gonna redo this part,i think you tegenoridudi spat,i think yo degenoridudi spat,i thinkyodenori dudispat,Saya rasa ia akan buat semula bahagian ini,Saya rasa anda tegenoridudi berbual,Saya rasa awak degenoridudi berbulat,Saya fikir Yodenori Dudispat
23,data/audio/test23.wav,this place quite far lah need to drive,tempat ini agak jauh kena memandu,"this place quite far along, need to drive.",this place quite far la mit to drife,this place quite far la mit to drife,thisplace quitefarla mittodrife,"tempat ini agak jauh, perlu memandu.",Tempat ini agak jauh untuk mengemudi,Tempat ini agak jauh untuk mengemudi,Tempat ini agak jauh dari tempat yang diarahkan.
24,data/audio/test24.wav,you free later or not i want to ask something,awak free nanti atau tidak saya nak tanya sesuatu,you free later or not. i want to ask something.,you freely tonot and want to ask something,you freely tonon and want to ask something,youfreely tornon and want to asksomething,Kau boleh lepas nanti atau tidak. Aku mahu bertanya sesuatu.,anda bebas berbual dan mahu bertanya sesuatu,Anda bebas tonon dan mahu bertanya sesuatu,Anda bebas berbalik dan mahu bertanya sesuatu
25,data/audio/test25.wav,today traffic damn bad i was late,hari ini trafik sangat teruk saya lambat,today traffic damn bad. i was late.,the detrafic dam bet i was lat,te detrafic dam bet iwas lat,tedetrafficdambet iwaslat,Hari ini trafik teruk. Saya lewat.,Peranti penghalang trafik yang saya bet,Tape yang bermasalah pasti saya dah lewat,Perjalanan di Malaysia
26,data/audio/test26.wav,i don’t really understand what the lecturer wants,saya tak begitu faham apa yang pensyarah mahukan,i don't really understand what the lecturer wants.,i don't re understand what the lecturel wants,i don't re understand what the lecturel wants,idon'treunderstand what lecturel wants,Saya tak faham apa yang ingin guru itu.,Saya tidak faham apa yang mahu kuliah,Saya tidak faham apa yang mahu kuliah,Saya tidak faham apa yang mahu lecturel
27,data/audio/test27.wav,this part i think we need to change a bit,bahagian ini saya rasa kita perlu ubah sikit,this part i think we need to change a bit.,this part i think we need to change a bief,this park i think we need to change a bif,thispark i think we needtochange abif,Saya rasa kita perlu mengubah bahagian ini sedikit.,Saya rasa kita perlu menukar bahagian ini,Taman ini saya fikir kita perlu menukar bif,Taman ini saya fikir kita perlu menukar Abif
28,data/audio/test28.wav,i was supposed to send it yesterday but forgot,saya sepatutnya hantar semalam tapi terlupa,i was supposed to send it yesterday but forgot.,i was so posely sended yesterday an but forgot,i was so posely sended yesterday an but forgot,i wassoposely ended yesterday butforgot,Saya sepatutnya hantarnya semalam tapi lupa.,Saya telah dihantar dengan baik semalam tetapi lupa,Saya telah dihantar dengan baik semalam tetapi lupa,Saya sudah selesai semalam tapi lupa
29,data/audio/test29.wav,the explanation not very clear honestly,penjelasan itu tidak begitu jelas sebenarnya,"the explanation, not very clear honestly.",the explanation not very clear honestly,the explanation not very clear honestly,theexplanation notvery clear honestly,"penjelasan, tidak begitu jelas jujur.",penjelasan tidak begitu jelas jujur,penjelasan tidak begitu jelas jujur,Perkataan tidak begitu jelas jujur
30,data/audio/test30.wav,i already told you yesterday you forgot is it,saya dah beritahu awak semalam awak lupa ke,i already told you yesterday you forgot is it,i already toll you yesa da you fegisi,i already toll you yesada you fogisi,ivalready tollyouyesada youfogisi,Saya sudah beritahu kamu semalam anda lupa itu,Saya sudah menagih anda Yessa da anda fegisi,Saya sudah menagih anda Yesada anda fogisi,Saya sudah tahu anda akan memilikinya.
31,data/audio/test31.wav,this food not bad lah but a bit expensive,makanan ini tak bad lah tapi agak mahal,"this would not bad lah, but it'd be expensive.",yes we not bad law budy bill expents him,yes we not badlaw bady bill expens him,yeswenot badlaw badybillexpes him,"Ini tidak akan buruk lah, tetapi ia akan mahal.",Ya kita tidak jahat undang-undang buddy Bill melupakannya,Ya kita tidak badlaw Bady Bill membelanjakan dia,"Ya, bukan jahat, tapi dia memalukan dia."
32,data/audio/test32.wav,you wait for me five minutes can or not,awak tunggu saya lima minit boleh tak,"wait for me if i miss, can i not?",wa for me fo mes can i not,wa for me fo mes can i not,waformefomes caninot,"Tunggu saya jika saya terlepas, boleh tak?",Wa untuk saya untuk mes saya tidak boleh,Wa untuk saya untuk mes saya tidak boleh,Waformefomes caninot
33,data/audio/test33.wav,i’m very tired today didn’t sleep well,saya sangat penat hari ini tak cukup tidur,"i'm very tired today, it isnt'l well.",iam very tired to deed insy well,i'm very tired to deed insy well,i'mverytired todeinsywel,"Saya sangat letih hari ini, ia tidak baik.",Saya sangat letih untuk melakukan baik dalamsy,Saya sangat letih untuk melakukan baik-baik dalamsy,Saya sudah berkhidmat untuk Todeinsywel
34,data/audio/test34.wav,that one i don’t really understand honestly,yang itu saya tak begitu faham sebenarnya,that one i don't really understand honestly.,thou and i don't reathe unditenanty,thou and i don't reathe unditenanty,thouwanidon't reteunditenanty,yang saya tak faham dengan jujur.,Kau dan aku tidak membaca tanpa keikhlasan,Kau dan aku tidak membaca tanpa keikhlasan,Kau tak akan kembali ke tempat yang baik.
35,data/audio/test35.wav,saya rasa assignment ni susah sikit lah,saya rasa assignment ini agak susah lah,sorry rashid's i'm always with nano,siasti as im any succescy now,ziasti as im any succescy now,ziastiasim anysuccescy now,Maaf Rashid. Saya sentiasa bersama Nano.,Siasti seperti im sebarang suksesi sekarang,Ziasti seperti im sebarang suksesi sekarang,Ziastiasim sekarang berjaya
36,data/audio/test36.wav,tadi dia cakap nak jumpa tapi tak confirm lagi,tadi dia kata nak jumpa tapi belum confirm lagi,he said that he saw活 de appreciated his family member.,the eady chacon as you would thepedegrophoni,the eady cacon as you would hepedegoponi,teedycacon asyou would epedegoponi,Dia berkata dia melihat Viv de menghargai ahli keluarganya.,"yang makan seperti yang anda lakukan, yang pedegrophoni",Cacon yang memakan seperti anda akan hepedegoponi,- Tidycacon seperti anda akan epedegoponi
37,data/audio/test37.wav,later kita pergi makan dulu then only discuss,nanti kita pergi makan dulu lepas itu bincang,"later, we'll take a break and discuss.",te te he tul be ma e leu dead an the discussed,le te he cul be ma eleu dead on the discussed,letehecube ludeadone discussd,"nanti, kita akan berehat dan berbincang.",Te he tul be ma e leu mati dan yang dibincangkan,Le te il cul être ma vous mort sur la discuti,Lethecube ludeadone dibincangkan
38,data/audio/test38.wav,i already submit the assignment tapi tak sure betul ke tak,saya dah hantar assignment tapi tak pasti betul atau tidak,i already submitted the assignment that we should have taken out.,i already summetis i made teve that she wuld dic it up,i already summetis i made teve that she wuld dic it up,ialreadysumeti imadevethat shewuddigit up,Saya sudah menyerahkan tugasan yang sepatutnya kami ambil.,Saya sudah bersumber saya membuat teve bahawa dia akan dicuk itu,Saya sudah bersumber saya membuat teve bahawa dia akan dicuk itu,Saya dah buat apa yang dia nak buat.
39,data/audio/test39.wav,kalau macam ni i think better we wait dulu,kalau macam ini saya rasa lebih baik kita tunggu dulu,"if this is the case, i think we will wait to look.",co no maconnie i think bet ting we me doyou,co no majony i think bet tin we me doyou,coomajony ithinkbetin,"Jika ini adalah kes, saya rasa kita akan menunggu untuk melihat.",Co No Maconnie Saya fikir saya bertaruh kita saya Doyou,Co no majony saya fikir bet kita boleh saya do you,bersama-sama dengan orang lain
40,data/audio/test40.wav,dia cakap nak datang but suddenly cancel,dia kata nak datang tapi tiba-tiba batal,he said he would be cancelled,de jacot night at them by san indikencil,di jacot night at them by san indikencil,dijacotnit atthem bysaindikencil,Dia kata dia akan dibatalkan,malam de jacot di mereka oleh San indicencil,Di jacot malam di mereka oleh San indicencil,Dia akan menembak mereka dengan tangan kecil.
41,data/audio/test41.wav,this one ah quite hard to explain,yang ini agak susah nak jelaskan,this one is quite hard to explain.,disin ar quite heartless blin,disin ar quite heartless blin,disuinarquite heartlessblin,Ini agak sukar untuk dijelaskan.,"""Disin"" adalah ""Blind"" yang tidak berhati-hati.","""Disin"" adalah ""Blind"" yang tidak berhati-hati.","""Menghina"""
42,data/audio/test42.wav,you see first then tell me how,awak tengok dulu lepas itu beritahu saya,you see first then tell me how,eusephus then tell me how,eusephus then tell me how,eusephus then tellmehow,"Kau lihat dulu, lalu beritahu bagaimana.",Eusephus kemudian beritahu saya bagaimana,Eusephus kemudian beritahu saya bagaimana,Eusephus kemudian beritahu saya bagaimana
43,data/audio/test43.wav,i not very sure about this one,saya tak begitu pasti tentang yang ini,i'm not very sure about this one.,i'm not a very sure about dis one,i'm not a very sure about dis one,i'mnotavery sureaboutdisone,Saya tidak begitu yakin tentang ini.,Saya tidak begitu yakin tentang Dis One,Saya tidak begitu yakin tentang Dis One,Saya tidak pasti tentang Disone
44,data/audio/test44.wav,why suddenly cannot work already,kenapa tiba-tiba tak boleh jalan pula,why suddenly can't work already?,why said any cot wick or ideed,why said any cot wick or ideed,why saidanycot wikorideed,Kenapa tiba-tiba tak boleh bekerja?,kenapa kata apa-apa bed wick atau idea,kenapa kata apa-apa bed wick atau idea,Kenapa kata apa-apa yang dia lakukan?
45,data/audio/test45.wav,you do finish already or still doing,awak dah siap atau masih buat lagi,you do finish already or still going?,you to finny shuridy or still go in,you to finny shurydy or still go in,youto finnyshurydy or'still goin,Adakah anda sudah selesai atau masih pergi?,anda untuk finny shuridy atau masih masuk,anda untuk Finny Shurydy atau masih masuk,Kau akan pergi ke Finland atau masih pergi
46,data/audio/test46.wav,that time he say can now change again,masa itu dia kata boleh sekarang tukar lagi,that time he say can now change again,let time he seek cain nol change again,let time he seek can nol change again,lettimeshe seekcain nol change again,masa itu dia kata sekarang boleh berubah lagi,Biarlah masa dia mencari Kain tidak berubah lagi,Biarlah masa yang dia cari tidak boleh berubah lagi,Lettimeshe mencaricain tiada perubahan lagi
47,data/audio/test47.wav,this one ah got problem somewhere,yang ini ada masalah dekat mana-mana,this one i got problems somewhere,disuennar got broem somewhere,disuenar got broem somewhere,disuennar gotbrodem somewhere,Saya ada masalah di suatu tempat.,Disuennar ada broem di suatu tempat,Disuenar ada broem di suatu tempat,Disuennar Gotbrodem di suatu tempat
48,data/audio/test48.wav,you try again slowly can or not,awak cuba lagi perlahan-lahan boleh tak,"you try again slowly, can or not?",you try again slowly cannon arm,you try again slowly cannonarm,you tryagain slowly cannonarm,"cuba lagi perlahan, boleh atau tidak?",cuba lagi perlahan-lahan lengan meriam,cuba lagi perlahan senjata meriam,Kau cuba perlahan-lahan menggunakan senjata meriam.
49,data/audio/test49.wav,this one memang confusing i also lost,yang ini memang mengelirukan saya pun lost,this one may be confusing. i also lost.,dis uan miman confusing i also was,disjuan miman confusing i also was,disjuanmiman confusing ialso was,Ini mungkin membingungkan. Saya juga kalah.,Dis uan miman membingungkan saya juga,Disjuan Miman membingungkan saya juga,disjuanmiman membingungkan juga
50,data/audio/test50.wav,you boleh explain again slower tak,awak boleh jelaskan lagi perlahan tak,"you will hear a splint again, slow it down.",you willyesplean again slower the dup,you willyesplean again slower the dup,youwillesplean again slowethedup,"anda akan mendengar bunyi bunyi lagi, perlahankan.",Kau akan membersihkannya lagi perlahan-lahan.,Kau akan membersihkannya lagi perlahan-lahan.,Kau ingin melompat lagi perlahan-lahan
51,data/audio/test51.wav,i thought dah betul but actually wrong,saya ingat dah betul tapi sebenarnya salah,i thought that was true but actually wrong,i thought ta itol varectually wrong,i thought ta bitol varecually wrong,ithoughtaitol varecually wrong,Saya fikir itu benar tetapi sebenarnya salah,Saya fikir anda salah secara sebenar,Saya fikir anda bodoh secara seksual salah,Walaupun dia salah secara seksual
52,data/audio/test52.wav,kalau like this then we redo everything,kalau macam ini kita buat semula semua,color like this then we redo everything,callonat dis then wedy re do everything,callonat dis then wedyre do everything,calonatdisthen wedyredo everything,warna seperti ini maka kita buat semula semuanya,panggil dia dan kemudian kita buat semua,panggil dia dan kemudian kita lakukan segalanya,"""Aku akan mencintaimu dan mencintaimu""."
53,data/audio/test53.wav,i check already tapi still got error,saya dah semak tapi masih ada error,"i checked already, the piece still got error",ichegoredi ta piste goereur,ichegoredi tapiste goereur,ichegoredi tapistegoereu,"Saya sudah memeriksa, bahagian masih mendapat kesilapan",I'chegoredi ta piste goereur,Ichegoredi tapiste goereur,Ichegoredi tapistegoereu
54,data/audio/test54.wav,maybe kita fix this part first,mungkin kita baiki bahagian ini dulu,maybe we fix this part first,maybe ke to fix tee put first slow,maybe ke to fix the sput first slow,maybekeeto fixthesput firstslow,Mungkin kita boleh perbaiki bahagian ini terlebih dahulu.,Mungkin saya perlu memperbaiki tee meletakkan perlahan,Mungkin saya perlu memperbaiki tembakan dahulu perlahan,mungkin perlu untuk memperbaiki masalah ini terlebih dahulu
55,data/audio/test55.wav,dia say okay but i rasa something off,dia kata okay tapi saya rasa macam ada yang tak kena,do you say okay but i rest something off?,do you see oqi but erasu something off,do you see oqi bu erasu something off,doyousee oqibueras something off,Awak cakap boleh tapi saya rehat sesuatu?,Adakah anda melihat Oqi tetapi erasu sesuatu off,Adakah anda melihat Oqi bu erasu sesuatu off,Adakah anda akan mencuci sesuatu off
56,data/audio/test56.wav,i try follow step tu but tak boleh,saya cuba ikut langkah itu tapi tak boleh,i try follow up step 2 but... i can't,i trifle or upstep too but at wol ned,i trifle or upstep too but at wo ned,trifleorupstep toobutawonee,Saya cuba untuk mengikuti langkah 2 tetapi... saya tidak boleh,Saya kecil atau naik juga tetapi di wol ned,Saya kecil atau naik juga tetapi pada Wo Ned,sedikit langkah ke atas untuk melihat
57,data/audio/test57.wav,i think this part is slightly wrong lah,saya rasa bahagian ini sedikit salah lah,i think this part is slightly wrong la.,i think despitely slightly wrong la,i think despitely slightly wrong la,ithink despitely slightly wronglah,Saya rasa bahagian ini agak salah La.,Saya rasa sedikit salah la,Saya rasa sedikit salah la,Saya rasa sedikit salah.
58,data/audio/test58.wav,the answer doesn’t really make sense,jawapan itu tak begitu masuk akal,the answer doesn't really make sense.,the answer does only make servants,the answer does only make servants,theanswer does only make servans,Jawapan itu tidak masuk akal.,Jawapan hanya menjadikan hamba,Jawapan hanya menjadikan hamba,Jawapan hanya membuat servans
59,data/audio/test59.wav,i might have done this wrongly tapi tengok lah,mungkin saya buat ini salah tapi tengoklah,i might have done this wrongly but look at this,i might have done this wrongly the pe thingola,i might have done this wrongly the pe thingola,imighthave done thiswronglythe pitingoa,Saya mungkin melakukan ini dengan salah tetapi lihat ini,Saya mungkin telah melakukan ini dengan salah.,Saya mungkin telah melakukan ini dengan salah.,Mungkin saya salah buat ini dengan lubang.
60,data/audio/test60.wav,this looks okay but i tak berapa sure,ini nampak okay tapi saya tak berapa pasti,this looks okay but i'm not sure,this looks o key but ai the abruptly shol,dis looks o key but ai the abruptly shol,dislooksokey butiabrupty shool,Ini nampak ok tapi saya tidak pasti,Ini kelihatan penting tetapi ia tiba-tiba akan jatuh,nampaknya tidak penting tetapi tiba-tiba akan,dislooksokey butybrutly shool
61,data/audio/test61.wav,we probably need to adjust this part sikit kot,kita mungkin perlu ubah bahagian ini sikit kot,we probably need to adjust this part ck code,we prob'bly meet to edge as these sparksy kick court,we prob'bly meet to edge as these sparksy kick court,we prob'bly meettoedge asthesparksy kickcourt,Kita mungkin perlu menyesuaikan bahagian ini kod CK,Kita mungkin bertemu dengan tepi sebagai ini sparks tendangan mahkamah,Kita mungkin bertemu dengan tepi sebagai ini sparks tendangan mahkamah,Kita mungkin bertemu di pinggir tempat bercak-cak.
